{"cameraMode":{"drawMode":0,"name":"Shaded","section":"Shading Mode"},"sceneLighting":true,"audioPlay":false,"sceneViewState":{"showFog":true,"showMaterialUpdate":false,"showSkybox":true,"showFlares":true,"showImageEffects":true,"showParticleSystems":true},"in2DMode":false,"pivot":{"x":22.02734375,"y":7.3527727127075199,"z":88.13134002685547},"rotation":{"x":-0.05917675420641899,"y":0.2124684900045395,"z":0.012892454862594605,"w":0.9752908945083618},"size":83.64144897460938,"orthographic":false}