{"cameraMode":{"drawMode":0,"name":"Shaded","section":"Shading Mode"},"sceneLighting":true,"audioPlay":false,"sceneViewState":{"showFog":true,"showMaterialUpdate":false,"showSkybox":true,"showFlares":true,"showImageEffects":true,"showParticleSystems":true},"in2DMode":false,"pivot":{"x":-4.085814476013184,"y":-8.604113578796387,"z":-163.64100646972657},"rotation":{"x":0.018178896978497506,"y":0.20931892096996308,"z":0.003889034502208233,"w":-0.9776850342750549},"size":19.76904296875,"orthographic":false}